Üniversite,Bölüm/Fakülte,Ücret,Akademik yıl
Bahçeşehir Üniversitesi - İstanbul,Tıp Fakültesi,"52.685,19 TL",2020
Bahçeşehir Üniversitesi - İstanbul,"Mühendislik ve Doğa Bilimleri Fakültesi, Mimarlık ve Tasarım
Fakültesi, Hukuk Fakültesi","36.018,52 TL",2020
Bahçeşehir Üniversitesi - İstanbul,Kalan diğer lisans programları için,"33.148,15 TL",2020
Bahçeşehir Üniversitesi - İstanbul,Hazırlık Sınıfı,"33.148,15 TL",2020
Bahçeşehir Üniversitesi - İstanbul,Ön Lisans Programları,"17.870,37 TL",2020
ADA KENT ÜNİVERSİTESİ - KIBRIS,Diş Hekimliği Fakültesi,65.000.00 TL,2020
ADA KENT ÜNİVERSİTESİ - KIBRIS,Hukuk Fakültesi,40.000.00 TL,2020
ADA KENT ÜNİVERSİTESİ - KIBRIS,"Eğitim Fakültesi'nin, İngilizce Öğretmenliği",25.000.00 TL,2020
ADA KENT ÜNİVERSİTESİ - KIBRIS,İngilizce Hazırlık Okulu,20.000.00 TL,2020
ADA KENT ÜNİVERSİTESİ - KIBRIS,"Belirtilen öğrenim ücretlerine ilaveten %5 KDV, 1200 TL kayıt ve öğrenci etkinlik ücreti alınacaktır.",,2020
ACIBADEM MEHMET ALİ AYDINLAR ÜNİVERSİTESİ - İSTANBUL,Tıp Fakültesi'nde (Hazırlık sınıfı dahil),128.800.00 TL,2020
ACIBADEM MEHMET ALİ AYDINLAR ÜNİVERSİTESİ - İSTANBUL,"Mühendislik Fakültesi'nde Tıp Mühendisliği Bölümü (Hazırlık sınıfı
dahil)",60.720.00 TL,2020
ACIBADEM MEHMET ALİ AYDINLAR ÜNİVERSİTESİ - İSTANBUL,"Sağlık Bilimleri Fakültesi?nde; Fizyoterapi ve Rehabilitasyon
Bölümü",54.740.00 TL,2020
ACIBADEM MEHMET ALİ AYDINLAR ÜNİVERSİTESİ - İSTANBUL,Hemşirelik ve Sağlık Yönetimi Bölümü,42.320.00 TL,2020
ACIBADEM MEHMET ALİ AYDINLAR ÜNİVERSİTESİ - İSTANBUL,Beslenme ve Diyetetik Bölümü,54.740.00 TL,2020
ACIBADEM MEHMET ALİ AYDINLAR ÜNİVERSİTESİ - İSTANBUL,Beslenme ve Diyetetik (İngilizce) Bölümü,57.500.00 TL,2020
ACIBADEM MEHMET ALİ AYDINLAR ÜNİVERSİTESİ - İSTANBUL,Hemşirelik (İngilizce) Bölümü,45.080.00 TL,2020
ACIBADEM MEHMET ALİ AYDINLAR ÜNİVERSİTESİ - İSTANBUL,Fen Edebiyat Fakültesi'nde; Moleküler Biyoloji ve Genetik Bölümü (Hazırlık sınıfı dahil),54.740.00 TL,2020
ACIBADEM MEHMET ALİ AYDINLAR ÜNİVERSİTESİ - İSTANBUL,Psikoloji Bölümü,54.740.00 TL,2020
ACIBADEM MEHMET ALİ AYDINLAR ÜNİVERSİTESİ - İSTANBUL,Psikoloji (İngilizce) Bölümü,52.900.00 TL,2020
ACIBADEM MEHMET ALİ AYDINLAR ÜNİVERSİTESİ - İSTANBUL,Sosyoloji Bölümü,40.480.00 TL,2020
ACIBADEM MEHMET ALİ AYDINLAR ÜNİVERSİTESİ - İSTANBUL,Eczacılık Fakültesi (Hazırlık sınıfı dahil),72.680.00 TL,2020
ACIBADEM MEHMET ALİ AYDINLAR ÜNİVERSİTESİ - İSTANBUL,İsteğe Bağlı İngilizce Hazırlık Sınıfı; lisans programları için,18.400.00 TL,2020
15 KASIM KIBRIS ÜNİVERSİTESİ - KIBRIS,İngilizce Hazırlık Programı,"26.000,00 TL",2020
15 KASIM KIBRIS ÜNİVERSİTESİ - KIBRIS,Siyasal ve Sosyal Bilimler Fakültesi,"28.000,00 TL",2020
15 KASIM KIBRIS ÜNİVERSİTESİ - KIBRIS,İletişim Fakültesi,"30.000,00 TL",2020
15 KASIM KIBRIS ÜNİVERSİTESİ - KIBRIS,ödemelerden %5 KDV alınmaktadır. Öğretim ücretine ek olarak üniversiteye kayıt sırasında 1800 TL kayıt ücreti öde,,2020
ALTINBAŞ (İSTANBUL KEMERBURGAZ) ÜNİVERSİTESİ - İSTANBUL,Hukuk Fakültesi,52.900.00 TL,2020
ALTINBAŞ (İSTANBUL KEMERBURGAZ) ÜNİVERSİTESİ - İSTANBUL,İşletme Fakültesi,46.506.00 TL,2020
ALTINBAŞ (İSTANBUL KEMERBURGAZ) ÜNİVERSİTESİ - İSTANBUL,Eczacılık Fakültesi,52.900.00 TL,2020
ALTINBAŞ (İSTANBUL KEMERBURGAZ) ÜNİVERSİTESİ - İSTANBUL,"İktisadi, İdari ve Sosyal Bilimler Fakültesi",46.506.00 TL,2020
ALTINBAŞ (İSTANBUL KEMERBURGAZ) ÜNİVERSİTESİ - İSTANBUL,Mühendislik ve Doğa Bilimleri Fakültesi,46.506.00 TL,2020
ALTINBAŞ (İSTANBUL KEMERBURGAZ) ÜNİVERSİTESİ - İSTANBUL,Güzel Sanatlar ve Tasarım Fakültesi,46.506.00 TL,2020
ALTINBAŞ (İSTANBUL KEMERBURGAZ) ÜNİVERSİTESİ - İSTANBUL,Uygulamalı Bilimler Fakültesi'ne Bağlı Lisans Programları,46.506.00 TL,2020
ALTINBAŞ (İSTANBUL KEMERBURGAZ) ÜNİVERSİTESİ - İSTANBUL,Tıp Fakültesi,80.454.00 TL,2020
ALTINBAŞ (İSTANBUL KEMERBURGAZ) ÜNİVERSİTESİ - İSTANBUL,Diş Hekimliği Fakültesi,74.704.00 TL,2020
ANKARA BİLİM ÜNİVERSİTESİ - ANKARA,Mühendislik ve Mimarlık Fakültesi,36.800.00 TL,2020
ANKARA BİLİM ÜNİVERSİTESİ - ANKARA,Güzel Sanatlar ve Tasarım Fakültesi,34.960.00 TL,2020
ANKARA BİLİM ÜNİVERSİTESİ - ANKARA,İnsan ve Toplum Bilimleri Fakültesi,34.960.00 TL,2020
ANKARA MEDİPOL ÜNİVERSİTESİ - ANKARA,Tıp Fakültesi için Türkçe ve İngilizce Programı,"86.000,00 TL",2020
ANKARA MEDİPOL ÜNİVERSİTESİ - ANKARA,"Diş Hekimliği Fakültesi Türkçe ve İngilizce Programı için 86.000 TL,","86.000,00 TL",2020
ANKARA MEDİPOL ÜNİVERSİTESİ - ANKARA,Eczacılık Fakültesi için Türkçe ve İngilizce Programı,"78.000,00 TL",2020
ANKARA MEDİPOL ÜNİVERSİTESİ - ANKARA,Hukuk Fakültesi için zorunlu hazırlık sınıfı dahil,"56.500,00 TL",2020
ANKARA MEDİPOL ÜNİVERSİTESİ - ANKARA,Sağlık Bilimleri Fakültesinin Fizyoterapi ve Rehabilitasyon Bölümü için zorunlu hazırlık sınıfı dahil,"42.500,00 TL",2020
ANKARA MEDİPOL ÜNİVERSİTESİ - ANKARA,Beslenme ve Diyetetik Bölümü için zorunlu hazırlık sınıfı dahil,"41.000,00 TL",2020
ANKARA MEDİPOL ÜNİVERSİTESİ - ANKARA,Ergoterapi Bölümü Zorunlu Hazırlık Sınıfı Dahil,"34.000,00 TL",2020
ANKARA MEDİPOL ÜNİVERSİTESİ - ANKARA,Dil ve Konuşma Terapisi Bölümü Zorunlu Hazırlık Sınıfı Dahil,"34.000,00 TL",2020
ANKARA MEDİPOL ÜNİVERSİTESİ - ANKARA,Hemşirelik Bölümü Zorunlu Hazırlık Sınıfı Dahil,"34.000,00 TL",2020
ANKARA MEDİPOL ÜNİVERSİTESİ - ANKARA,Ebelik Bölümü Zorunlu Hazırlık Sınıfı Dahil,"31.500,00 TL",2020
ANKARA MEDİPOL ÜNİVERSİTESİ - ANKARA,İktisadi İdari ve Sosyal Bilimler Fakültesinin Psikoloji Bölümü Türkçe ve İngilizce Programı Zorunlu Hazırlık Sınıfı Dahil,"34.000,00 TL",2020
ANKARA MEDİPOL ÜNİVERSİTESİ - ANKARA,"Uluslararası Ticaret ve Finansman Bölümü Türkçe ve İngilizce
Programı Zorunlu Hazırlık Sınıfı Dahil","31.500,00 TL",2020
ANKARA MEDİPOL ÜNİVERSİTESİ - ANKARA,Yönetim Bilişim Sistemleri Bölümü Zorunlu Hazırlık Sınıfı Dahil,"31.500,00 TL",2020
ANKARA MEDİPOL ÜNİVERSİTESİ - ANKARA,Siyasal Bilgiler Fakültesinin Siyaset Bilimi ve Uluslararası İlişkiler Bölümü İngilizce Programı Zorunlu Hazırlık Sınıfı Dahil,"31.500,00 TL",2020
ANKARA MEDİPOL ÜNİVERSİTESİ - ANKARA,Güzel Sanatlar Tasarım ve Mimarlık Fakültesinin Gastronomi ve Mutfak Sanatları Bölümü Zorunlu Hazırlık Sınıfı Dahil,"42.000,00 TL",2020
ANKARA MEDİPOL ÜNİVERSİTESİ - ANKARA,"Güzel Sanatlar Tasarım ve Mimarlık Fakültesinin İç Mimarlık ve
Çevre Tasarımı Bölümü Zorunlu Hazırlık Sınıfı Dahil","42.000,00 TL",2020
ANKARA MEDİPOL ÜNİVERSİTESİ - ANKARA,İletişim Fakültesinin Tüm Bölümleri Zorunlu Hazırlık Sınıfı Dahil,"32.200,00 TL",2020
ANKARA MEDİPOL ÜNİVERSİTESİ - ANKARA,"Tıp Fakültesi Türkçe ve İngilizce Programı Zorunlu Hazırlık Sınıfı
için","56.500,00 TL",2020
ANKARA MEDİPOL ÜNİVERSİTESİ - ANKARA,Diş Hekimliği Fakültesi Türkçe ve İngilizce Programı Zorunlu Hazırlık Sınıfı için,"56.500,00 TL",2020
ANKARA MEDİPOL ÜNİVERSİTESİ - ANKARA,Eczacılık Fakültesi Türkçe ve İngilizce Programı Zorunlu Hazırlık Sınıfı için,"56.500,00 TL",2020
ANKARA MEDİPOL ÜNİVERSİTESİ - ANKARA,Bu ücretlere KDV ayrıca ilave edilecektir. İsteğe bağlı hazırlık sınıfı okuyacak öğrenciler yerleştikleri programın ücreti üzerinden %25 indirimli program ücreti ile hazırlık sınıfına kabul edilirler.,,2020
ATILIM ÜNİVERSİTESİ - ANKARA,Tıp Fakültesi öğretim ücreti,69.736.00 TL,2020
ATILIM ÜNİVERSİTESİ - ANKARA,Diğer Tüm Bölümlerimiz için Öğretim Ücreti,47.840.00 TL,2020
ATILIM ÜNİVERSİTESİ - ANKARA,"Pilotaj Bölümü için uçuş eğitimi ücreti bu ücrete dahil değildir. Pilotaj Bölümünün burslu programındaki öğrenciler için, uçuş eğitimi ücretinin burs oranı kadarı üniversite tarafından karşılanacaktır",,2020
AVRASYA ÜNİVERSİTESİ - TRABZON,Psikoloji Bölümü,36.800.00 TL,2020
AVRASYA ÜNİVERSİTESİ - TRABZON,İç Mimarlık ve Çevre Tasarımı Bölümü,36.800.00 TL,2020
AVRASYA ÜNİVERSİTESİ - TRABZON,Mimarlık Bölümü,36.800.00 TL,2020
AVRASYA ÜNİVERSİTESİ - TRABZON,İnşaat Mühendisliği Bölümü,36.800.00 TL,2020
AVRASYA ÜNİVERSİTESİ - TRABZON,Beslenme ve Diyetetik Bölümü,36.800.00 TL,2020
AVRASYA ÜNİVERSİTESİ - TRABZON,Çocuk Gelişimi Bölümü,36.800.00 TL,2020
AVRASYA ÜNİVERSİTESİ - TRABZON,Fizyoterapi ve Rehabilitasyon Bölümü,36.800.00 TL,2020
AVRASYA ÜNİVERSİTESİ - TRABZON,Sosyal Hizmet Bölümü,36.800.00 TL,2020
AVRASYA ÜNİVERSİTESİ - TRABZON,Hemşirelik Bölümü,36.800.00 TL,2020
AVRASYA ÜNİVERSİTESİ - TRABZON,Sağlık Yönetimi Bölümü,32.200.00 TL,2020
AVRASYA ÜNİVERSİTESİ - TRABZON,Odyoloji Bölümü,32.200.00 TL,2020
AVRASYA ÜNİVERSİTESİ - TRABZON,Spor Bilimleri Bölümü,32.200.00 TL,2020
AVRASYA ÜNİVERSİTESİ - TRABZON,Bilgisayar Mühendisliği Bölümü,32.200.00 TL,2020
AVRASYA ÜNİVERSİTESİ - TRABZON,Elektrik-Elektronik Mühendisliği Bölümü,32.200.00 TL,2020
AVRASYA ÜNİVERSİTESİ - TRABZON,Gıda Mühendisliği Bölümü,32.200.00 TL,2020
AVRASYA ÜNİVERSİTESİ - TRABZON,Makine Mühendisliği Bölümü,32.200.00 TL,2020
AVRASYA ÜNİVERSİTESİ - TRABZON,Gastronomi ve Mutfak Sanatlar Bölümü,32.200.00 TL,2020
AVRASYA ÜNİVERSİTESİ - TRABZON,İngiliz Dili ve Edebiyatı Bölümü,27.600.00 TL,2020
AVRASYA ÜNİVERSİTESİ - TRABZON,Türk Dili ve Edebiyatı Bölümü,27.600.00 TL,2020
AVRASYA ÜNİVERSİTESİ - TRABZON,Uluslararası İlişkiler Bölümü,27.600.00 TL,2020
AVRASYA ÜNİVERSİTESİ - TRABZON,Siyaset Bilimi ve Kamu Yönetimi Bölümü,27.600.00 TL,2020
AVRASYA ÜNİVERSİTESİ - TRABZON,Harita Mühendisliği Bölümü,27.600.00 TL,2020
AVRASYA ÜNİVERSİTESİ - TRABZON,Maliye Bölümü,23.000.00 TL,2020
AVRASYA ÜNİVERSİTESİ - TRABZON,İşletme Bölümü,23.000.00 TL,2020
ANTALYA BİLİM ÜNİVERSİTESİ - ANTALYA,İngilizce Hazırlık Programı,37.720.00 TL,2020
ANTALYA BİLİM ÜNİVERSİTESİ - ANTALYA,Mühendislik Fakültesi,41.400.00 TL,2020
ANTALYA BİLİM ÜNİVERSİTESİ - ANTALYA,Ekonomi Bölümü,40.480.00 TL,2020
ANTALYA BİLİM ÜNİVERSİTESİ - ANTALYA,İşletme Bölümü,40.480.00 TL,2020
ANTALYA BİLİM ÜNİVERSİTESİ - ANTALYA,Siyaset Bilimi ve Uluslararası İlişkiler Bölümü,40.480.00 TL,2020
ANTALYA BİLİM ÜNİVERSİTESİ - ANTALYA,Psikoloji Bölümü,42.320.00 TL,2020
ANTALYA BİLİM ÜNİVERSİTESİ - ANTALYA,Turizm ve Otel İşletmeciliği Bölümü,40.480.00 TL,2020
ANTALYA BİLİM ÜNİVERSİTESİ - ANTALYA,Gastronomi ve Mutfak Sanatları Bölümü,43.240.00 TL,2020
ANTALYA BİLİM ÜNİVERSİTESİ - ANTALYA,Güzel Sanatlar ve Mimarlık Fakültesi,45.080.00 TL,2020
ANTALYA BİLİM ÜNİVERSİTESİ - ANTALYA,Hukuk Fakültesi,51.060.00 TL,2020
ANTALYA BİLİM ÜNİVERSİTESİ - ANTALYA,Diş Hekimliği Fakültesi,75.440.00 TL,2020
ANTALYA BİLİM ÜNİVERSİTESİ - ANTALYA,Sağlık Bilimleri Fakültesi,42.320.00 TL,2020
ARKIN YARATICI SANATLAR VE TASARIM ÜNİVERSİTESİ - KIBRIS,Sanat Fakültesi,39.000.00 TL,2020
ARKIN YARATICI SANATLAR VE TASARIM ÜNİVERSİTESİ - KIBRIS,Tasarım Fakültesi,39.000.00 TL,2020
ARKIN YARATICI SANATLAR VE TASARIM ÜNİVERSİTESİ - KIBRIS,İletişim Fakültesi,39.000.00 TL,2020
ARKIN YARATICI SANATLAR VE TASARIM ÜNİVERSİTESİ - KIBRIS,İngilizce Hazırlık Okulu,39.000.00 TL,2020
ARKIN YARATICI SANATLAR VE TASARIM ÜNİVERSİTESİ - KIBRIS,"Bu ücretlere % 5 KDV dahil değildir. Yerleşen tüm öğrencilerin yılda bir kez güz döneminde ödenen 3000TL kayıt (%
5 KDV dahil) ücretini ödemesi gerekmektedir.",,2020
BAŞKENT ÜNİVERSİTESİ - ANKARA,Tıp Fakültesi,68.080.00 TL,2020
BAŞKENT ÜNİVERSİTESİ - ANKARA,Diş Hekimliği Fakültesi,68.080.00 TL,2020
BAŞKENT ÜNİVERSİTESİ - ANKARA,Eczacılık Fakültesi,58.880.00 TL,2020
BAŞKENT ÜNİVERSİTESİ - ANKARA,Mühendislik Fakültesi,47.840.00 TL,2020
BAŞKENT ÜNİVERSİTESİ - ANKARA,Hukuk Fakültesi,47.840.00 TL,2020
BAŞKENT ÜNİVERSİTESİ - ANKARA,"Güzel Sanatlar, Tasarım ve Mimarlık Fakültesi Mimarlık Bölümü",47.840.00 TL,2020
BAŞKENT ÜNİVERSİTESİ - ANKARA,Bu Fakültelerin dışında kalan bütün lisans programları,44.160.00 TL,2020
BAŞKENT ÜNİVERSİTESİ - ANKARA,İngilizce Hazırlık Programı,36.800.00 TL,2020
BAHÇEŞEHİR ÜNİVERSİTESİ - İSTANBUL,Tıp Fakültesi Programı,109.434.00 TL,2020
BAHÇEŞEHİR ÜNİVERSİTESİ - İSTANBUL,Diş Hekimliği Fakültesi Programı,100.179.00 TL,2020
BAHÇEŞEHİR ÜNİVERSİTESİ - İSTANBUL,Mühendislik ve Doğa Bilimleri Fakültesi,67.795.00 TL,2020
BAHÇEŞEHİR ÜNİVERSİTESİ - İSTANBUL,Mimarlık Fakültesi,67.795.00 TL,2020
BAHÇEŞEHİR ÜNİVERSİTESİ - İSTANBUL,Hukuk Fakültesi Programı,70.840.00 TL,2020
BAHÇEŞEHİR ÜNİVERSİTESİ - İSTANBUL,İletişim Fakültesi,63.976.00 TL,2020
BAHÇEŞEHİR ÜNİVERSİTESİ - İSTANBUL,İktisadi İdari ve Sosyal Bilimler Fakültesi,65.025.00 TL,2020
BAHÇEŞEHİR ÜNİVERSİTESİ - İSTANBUL,Yabancı Diller Y.O zorunlu ve isteğe bağlı İngilizce Hazırlık Program,65.025.00 TL,2020
BAHÇEŞEHİR ÜNİVERSİTESİ - İSTANBUL,Eğitim Fakültesi,62.818.00 TL,2020
BAHÇEŞEHİR ÜNİVERSİTESİ - İSTANBUL,Sağlık Bilimleri Fakültesi,62.818.00 TL,2020
BEYKENT ÜNİVERSİTESİ - İSTANBUL,Hukuk Fakültesi,45.160.960 TL,2020
BEYKENT ÜNİVERSİTESİ - İSTANBUL,Psikoloji Bölümü,39.847.960 TL,2020
BEYKENT ÜNİVERSİTESİ - İSTANBUL,Tıp Fakültesi,87.664.960 TL,2020
BEYKENT ÜNİVERSİTESİ - İSTANBUL,Diş Hekimliği Fakültesi,87.664.960 TL,2020
BEYKENT ÜNİVERSİTESİ - İSTANBUL,Diğer Tüm Lisans Programları,33.687.640 TL,2020
BEYKENT ÜNİVERSİTESİ - İSTANBUL,Yabancı Dil Hazırlık Programı,33.687.640 TL,2020
ÇANKAYA ÜNİVERSİTESİ - ANKARA,Tüm Bölümler,47.380.000 TL,2020
ÇAĞ ÜNİVERSİTESİ - İÇEL MERSİN,Tüm Lisans Bölümleri,"33.296,30 TL",2020
ÇAĞ ÜNİVERSİTESİ - İÇEL MERSİN,Zorunlu Hazırlık Sınıfı,"33.296,30 TL",2020
DOĞUŞ ÜNİVERSİTESİ (İSTANBUL),Türkçe ve İngilizce Lisans programları,"35.065,8 TL",2020
DOĞUŞ ÜNİVERSİTESİ (İSTANBUL),Hukuk Fakültesi,"39.680,52 TL",2020
DOĞUŞ ÜNİVERSİTESİ (İSTANBUL),Psikoloji Bölümünde (Türkçe ve İngilizce),"37.191,00 TL",2020
DOĞUŞ ÜNİVERSİTESİ (İSTANBUL),İngilizce Hazırlık - Lisans,"35.065,8 TL",2020
DOĞU AKDENİZ ÜNİVERSİTESİ- KIBRIS,Tıp Fakültesi ve Diş Hekimliği Fakültesi,"61.960,00 TL",2020
DOĞU AKDENİZ ÜNİVERSİTESİ- KIBRIS,Eczacılık Fakültesi,"40.720,00 TL",2020
DOĞU AKDENİZ ÜNİVERSİTESİ- KIBRIS,Hukuk Fakültesi ve Sağlık Bilimleri Fakültesi'nin Beslenme ve Diyetetik ile Fizyoterapi ve Rehabilitasyon programları,"37.180,00 TL",2020
DOĞU AKDENİZ ÜNİVERSİTESİ- KIBRIS,"Fen ve Edebiyat Fakültesi'nin Psikoloji (Türkçe) ve Psikoloji
(İngilizce) Programları","34.530,00 TL",2020
DOĞU AKDENİZ ÜNİVERSİTESİ- KIBRIS,"Eğitim Fakültesi, Mühendislik Fakültesi, Mimarlık Fakültesi","33.190,00 TL",2020
DOĞU AKDENİZ ÜNİVERSİTESİ- KIBRIS,Sağlık Bilimleri Fakültesi'nin Hemşirelik,"31.880,00 TL",2020
DOĞU AKDENİZ ÜNİVERSİTESİ- KIBRIS,Fen ve Edebiyat Fakültesi'nin diğer programları ile Sağlık Bilimleri Fakültesinin diğer bölümleri,"24.440,00 TL",2020
DOĞU AKDENİZ ÜNİVERSİTESİ- KIBRIS,Diğer lisans programları,"26.470,00 TL",2020
DOĞU AKDENİZ ÜNİVERSİTESİ- KIBRIS,İngilizce Hazırlık Okulu,"26.470,00 TL",2020
DOĞU AKDENİZ ÜNİVERSİTESİ- KIBRIS,"Belirtilen öğrenim ücretlerine %5 KDV tutarı, Öğrenci Hizmetleri Fonu için dönemlik 825 TL ve Hazırlık Okulu için dönemlik 900TL kitap ücreti dahil değildir",,2020
FATİH SULTAN MEHMET ÜNİVERSİTESİ,Edebiyat Fakültesi; Psikoloji,"49.680,00 TL",2020
FATİH SULTAN MEHMET ÜNİVERSİTESİ,Tarih Bölümü ile Türk Dili ve Edebiyatı Bölümü,"39.376,00 TL",2020
FATİH SULTAN MEHMET ÜNİVERSİTESİ,Eğitim Fakültesi; Arapça Öğretmenliği,"37.076,00 TL",2020
FATİH SULTAN MEHMET ÜNİVERSİTESİ,Okul Öncesi Öğretmenliği,"45.356,00 TL",2020
FATİH SULTAN MEHMET ÜNİVERSİTESİ,Rehberlik ve Psikolojik Danışmanlık Programı ile Türkçe Öğretmenliği,"41.768,00 TL",2020
FATİH SULTAN MEHMET ÜNİVERSİTESİ,Güzel Sanatlar Fakültesi; Geleneksel Türk Sanatları,"23.000,00 TL",2020
FATİH SULTAN MEHMET ÜNİVERSİTESİ,Grafik Tasarımı,"34.040,00 TL",2020
FATİH SULTAN MEHMET ÜNİVERSİTESİ,Hukuk Fakültesi,"45.356,00 TL",2020
FATİH SULTAN MEHMET ÜNİVERSİTESİ,İslami İlimler Fakültesi,"34.040,00 TL",2020
FATİH SULTAN MEHMET ÜNİVERSİTESİ,Mimarlık ve Tasarım Fakültesi; İç Mimarlık ile Mimarlık,"40.480,00 TL",2020
FATİH SULTAN MEHMET ÜNİVERSİTESİ,"Mühendislik Fakültesi; Bilgisayar Mühendisliği , Elektrik Elektronik Mühendisliği ile İnşaat Mühendisliği","39.836,00 TL",2020
FATİH SULTAN MEHMET ÜNİVERSİTESİ,Biyomedikal Mühendisliği,"23.000,00 TL",2020
FATİH SULTAN MEHMET ÜNİVERSİTESİ,Güzel Sanatlar Meslek Yüksekokulu; Mimari Restorasyon,"23.000,00 TL",2020
FATİH SULTAN MEHMET ÜNİVERSİTESİ,Ambalaj Tasarımı Programı,"20.700,00 TL",2020
FATİH SULTAN MEHMET ÜNİVERSİTESİ,Çocuk Gelişimi Programı II. Öğretimi,"20.976,00 TL",2020
FATİH SULTAN MEHMET ÜNİVERSİTESİ,"Eğitim Fakültesi , FenEdebiyat Fakültesi'nin Psikoloji (İngilizce),
Sağlık Bilimleri Fakültesi'nin Fizyoterapi ve Rehabilitasyon, Beslenme ve Diyetetik , Turizm ve Otel İşletmeciliği Yüksekokulu'nun Gastronomi ve Mutfak Sanatları ve Sağlık","23.920,00 TL",2020
FATİH SULTAN MEHMET ÜNİVERSİTESİ,Engelli Destek Programı,"20.700,00 TL",2020
FATİH SULTAN MEHMET ÜNİVERSİTESİ,Hazırlık Sınıfı,41.304.34 TL,2020
FATİH SULTAN MEHMET ÜNİVERSİTESİ,Arapça Hazırlık,"27.600,00 TL",2020
LEFKE AVRUPA ÜNİVERSİTESİ,Diş Hekimliği Fakültesi,"45.900,00 TL",2020
LEFKE AVRUPA ÜNİVERSİTESİ,Hukuk Fakültesi,"29.900,00 TL",2020
LEFKE AVRUPA ÜNİVERSİTESİ,"(İngilizce), Sağlık Bilimleri Fakültesi'nin Fizyoterapi ve Rehabilitasyon programları, Beslenme ve Diyetetik programları, Turizm ve Otel İşletmeciliği Yüksekokulu'nun Gastronomi ve Mutfak Sanatları programı ve Sağlık Yüksekokulu'nun Hemşirelik
(Fİenng-iElidzceeb)iypartogFraakmülltaersıi'nin Psikoloji (Türkçe) ve Sağlık","24.900,00 TL",2020
LEFKE AVRUPA ÜNİVERSİTESİ,Yüksekokulu'nun Hemşirelik (Türkçe) programları,"26.900,00 TL",2020
LEFKE AVRUPA ÜNİVERSİTESİ,Diğer lisans (4 yıllık) programları,"22.900,00 TL",2020
LEFKE AVRUPA ÜNİVERSİTESİ,Hazırlık Okulu eğitim ücreti (hazırlık kitapları dahil),"24.900,00TL",2020
LEFKE AVRUPA ÜNİVERSİTESİ,"Belirtilen eğitim ücretlerine Kayıt ve Öğrenci Etkinlikleri Fonu olan do¨nemlik 1,100 TL ve %5 KDV eklenecektir.",,2020
MALTEPE ÜNİVERSİTESİ,Hazırlık Sınıfı,"40.296,00 TL",2020
MALTEPE ÜNİVERSİTESİ,Eğitim Fakültesinin; Okul Öncesi Öğretmenliği,"44.620,00 TL",2020
MALTEPE ÜNİVERSİTESİ,Rehberlik ve Psikolojik Danışmanlık (Türkçe ve İngilizce) Bölümü,"41.400,00 TL",2020
MALTEPE ÜNİVERSİTESİ,Özel Eğitim Öğretmenliği,"40.296 ,00 TL",2020
MALTEPE ÜNİVERSİTESİ,İlköğretim Matematik Öğretmenliği,"37.536,00 TL",2020
MALTEPE ÜNİVERSİTESİ,Güzel Sanatlar Fakültesinin Gastronomi ve Mutfak Sanatları,"38.916,00 TL",2020
MALTEPE ÜNİVERSİTESİ,İngilizce Öğretmenliği,"38.518,51 TL",2020
MALTEPE ÜNİVERSİTESİ,"Çizgi Film ve Animasyon, Grafik Tasarımı, Sahne Sanatları Bölümü","35.880,00T L",2020
MALTEPE ÜNİVERSİTESİ,Hukuk Fakültesi,"50.600,00 TL",2020
MALTEPE ÜNİVERSİTESİ,İşletme ve Yönetim Bilimleri Fakültesinin tüm bölümleri,43.056.00 TL,2020
MALTEPE ÜNİVERSİTESİ,İletişim Fakültesinin Gazetecilik Bölümü ve diğer tümr bölümler  is,"39.744,00 TL / 39.744,00 TL",2020
MALTEPE ÜNİVERSİTESİ,İnsan ve Toplum Bilimleri Fakültesinin; Felsefe Bölümü,"43.056,00 TL",2020
MALTEPE ÜNİVERSİTESİ,Sosyal Hizmet,"42.320,00 TL",2020
MALTEPE ÜNİVERSİTESİ,Sosyoloji (Türkçe ve İngilizce),"40.296,00 TL",2020
MALTEPE ÜNİVERSİTESİ,Psikoloji (Türkçe ve İngilizce),"44.344,00 TL",2020
MALTEPE ÜNİVERSİTESİ,Mimarlık ve Tasarım Fakültesinin; Gemi ve Yat Tasarımı,"46.092,00 TL",2020
MALTEPE ÜNİVERSİTESİ,İç Mimarlık,"45.632,00 TL",2020
MALTEPE ÜNİVERSİTESİ,Mimarlık (Türkçe ve İngilizce),"47.380,00 TL",2020
MALTEPE ÜNİVERSİTESİ,Mühendislik ve Doğa Bilimleri Fakültesinin tüm bölümleri,"45.632,00 TL",2020
MALTEPE ÜNİVERSİTESİ,Tıp Fakültesi (Türkçe ve İngilizce),"70.932,00 TL",2020
MALTEPE ÜNİVERSİTESİ,Hemşirelik Yüksekokulu,"29.891,30 TL",2020
MALTEPE ÜNİVERSİTESİ,Konservatuvar,"36.708,00 TL",2020
TOBB,Tıp Fakültesi,"68.227,2 TL",2020
TOBB,Diğer bütün lisans bölümleri,"48.741,6 TL",2020
TÜRK HAVA KURUMU,Hava Ulaştırma Fakültesi Bölümleri,38.640 TL,2020
TÜRK HAVA KURUMU,Havacılık ve Uzay Bilimleri Fakültesi ve Mühendislik Fakültesi Bölü,38.640 TL,2020
TÜRK HAVA KURUMU,İşletme Fakültesi Bölümleri,36.800 TL,2020
TÜRK HAVA KURUMU,İngilizce Hazırlık Programı,38.640 TL,2020
TÜRK HAVA KURUMU,"Pilot Eğitimi lisans programında yıllık öğrenim ücretine ek olarak, lisans öğreniminin 1.inci, 2. nci, 3. üncü ve 4. üncü sınıflarında her dönem başında (Güz/Bahar) olmak üzere 8 eşit taksitte uçuş eğitim ücretini öderler. 2020- 2021 eğitim-öğretim yılı için Üniversitemiz tarafından belirlenen Uçuş Eğitim ücreti KDV dahil 70.000 ABD
Dolarıdır. Bu ücretlere %8 KDV dâhildir.",,2020
TED,Tüm lisans programları,"43.700,00 TL",2020
TOROS ÜNİVERSİTESİ,Mühendislik Fakültesi,"35.926,00 TL",2020
TOROS ÜNİVERSİTESİ,"Güzel Sanatlar, Tasarım ve Mimarlık Fakültesi","35.926,00 TL",2020
TOROS ÜNİVERSİTESİ,İktisadi İdari ve Sosyal Bilimler Fakültesi Psikoloji Bölümü,"35.926,00 TL",2020
TOROS ÜNİVERSİTESİ,"İşletme, Uluslararası Finans ve Bankacılık ile Uluslararası Ticaret
ve Lojistik Bölümleri","32.269,00 TL",2020
TOROS ÜNİVERSİTESİ,Sağlık Yönetimi Bölümü,"32.269,00 TL",2020
TOROS ÜNİVERSİTESİ,Hemşirelik Bölümü,"26.496,00 TL",2020
TOROS ÜNİVERSİTESİ,Beslenme ve Diyetetik bölümü,"35.926,00 TL",2020
TOROS ÜNİVERSİTESİ,"Yabancı Diller Yüksekokulu MütercimTercümanlık (İngilizce)
bölümü","32.269,00 TL",2020
HASAN KALYONCU ÜNİVERSİTESİ - GAZİANTEP,Yabancı Dil Hazırlık,"29.440,00 TL",2020
HASAN KALYONCU ÜNİVERSİTESİ - GAZİANTEP,Hukuk Fakültesi,"41.400,00 TL",2020
HASAN KALYONCU ÜNİVERSİTESİ - GAZİANTEP,Sağlık Bilimleri Fakültesi Beslenme ve Diyetetik Bölümü,"29.440,00 TL",2020
HASAN KALYONCU ÜNİVERSİTESİ - GAZİANTEP,Fizyoterapi ve Rehabilitasyon Bölümü,"29.440,00 TL",2020
HASAN KALYONCU ÜNİVERSİTESİ - GAZİANTEP,"İktisadi, İdari ve Sosyal Bilimler Fakültesi","29.440,00 TL",2020
HASAN KALYONCU ÜNİVERSİTESİ - GAZİANTEP,Eğitim Fakültesi,"29.440,00 TL",2020
HASAN KALYONCU ÜNİVERSİTESİ - GAZİANTEP,İletişim Fakültesi,"29.440,00 TL",2020
HASAN KALYONCU ÜNİVERSİTESİ - GAZİANTEP,Güzel Sanatlar ve Mimarlık Fakültesi,"30.360,00 TL",2020
HASAN KALYONCU ÜNİVERSİTESİ - GAZİANTEP,Mühendislik Fakültesi,"29.440,00 TL",2020
GİRNE AMERİKAN ÜNİVERSİTESİ- KIBRIS,İngilizce Hazırlık,"26.000,00 TL",2020
GİRNE AMERİKAN ÜNİVERSİTESİ- KIBRIS,İşletme Fakültesi,"26.000,00 TL",2020
GİRNE AMERİKAN ÜNİVERSİTESİ- KIBRIS,İletişim Fakültesi,"26.000,00 TL",2020
GİRNE AMERİKAN ÜNİVERSİTESİ- KIBRIS,Siyasal Bilimler Fakültesi,"26.000,00 TL",2020
GİRNE AMERİKAN ÜNİVERSİTESİ- KIBRIS,Sağlık Bilimleri Fakültesi,"27.000,00 TL",2020
GİRNE AMERİKAN ÜNİVERSİTESİ- KIBRIS,Mühendislik Fakültesi,"31.000,00 TL",2020
GİRNE AMERİKAN ÜNİVERSİTESİ- KIBRIS,Mimarlık Tasarım ve Güzel Sanatlar Fakültesi,"31.000,00 TL",2020
GİRNE AMERİKAN ÜNİVERSİTESİ- KIBRIS,Beşeri Bilimler Fakültesi,"31.000,00 TL",2020
GİRNE AMERİKAN ÜNİVERSİTESİ- KIBRIS,Eğitim Fakültesi,"30.000,00 TL",2020
GİRNE AMERİKAN ÜNİVERSİTESİ- KIBRIS,Hukuk Fakültesi,"35.000,00 TL",2020
GİRNE AMERİKAN ÜNİVERSİTESİ- KIBRIS,Eczacılık Fakültesi,"44.000,00 TL",2020
GİRNE AMERİKAN ÜNİVERSİTESİ- KIBRIS,Pilotaj  Bölümü,"40.000,00 TL",2020
Girne Üniversitesi-Kıbrıs,Pilotaj  Bölümü,"59.300,00 TL",2020
Girne Üniversitesi-Kıbrıs,Uçak Mühendisliği,"41.300,00 TL",2020
Girne Üniversitesi-Kıbrıs,Tıp Fakültesi,"75.500,00 TL",2020
Girne Üniversitesi-Kıbrıs,Diş Hekimliği Fakültesi,"62.000,00 TL",2020
Girne Üniversitesi-Kıbrıs,Hukuk Fakültesi,"33.000,00 TL",2020
Girne Üniversitesi-Kıbrıs,Hemşirelik Bölümü,"30.600,00 TL",2020
Girne Üniversitesi-Kıbrıs,Tıp Fakültesi,"75.500,00 TL",2020
Girne Üniversitesi-Kıbrıs,Pilotaj  Bölümü (İngilizce hazırlık ),"41.300,00 TL",2020
HALİÇ ÜNİVERSİTESİ - KIBRIS,Hazırlık (zorunlu),"35.400,00 TL",2020
HALİÇ ÜNİVERSİTESİ - KIBRIS,Hazırlık (isteğe bağlı),"35.400,00 TL",2020
HALİÇ ÜNİVERSİTESİ - KIBRIS,Tıp Fakültesi,"92.000,00 TL",2020
HALİÇ ÜNİVERSİTESİ - KIBRIS,Amerikan Kültürü ve Edebiyatı,"42.000,00 TL",2020
HALİÇ ÜNİVERSİTESİ - KIBRIS,Matematik  Bölümü,"42.000,00 TL",2020
HALİÇ ÜNİVERSİTESİ - KIBRIS,Moleküler Biyoloji ve Genetik  Bölümü(İngilizce),"40.000,00 TL",2020
HALİÇ ÜNİVERSİTESİ - KIBRIS,Mütercim Tercümanlık  Bölümü (İngilizce),"44.000,00 TL",2020
HALİÇ ÜNİVERSİTESİ - KIBRIS,Psikoloji  Bölümü,"46.000,00 TL",2020
HALİÇ ÜNİVERSİTESİ - KIBRIS,Psikoloji  Bölümü (İngilizce),"50.000,00 TL",2020
HALİÇ ÜNİVERSİTESİ - KIBRIS,Türk Dili ve Edebiyatı  Bölümü,"36.000,00 TL",2020
HALİÇ ÜNİVERSİTESİ - KIBRIS,Mühendislik Fakültesi  Bölümü,"28.000,00 TL",2020
HALİÇ ÜNİVERSİTESİ - KIBRIS,Uluslararası Ticaret ve İşletmecilik  Bölümü (İngilizce),"28.000,00 TL",2020
HALİÇ ÜNİVERSİTESİ - KIBRIS,Siyaset Bilimi ve Uluslararası İlişkiler  Bölümü,"30.000,00 TL",2020
HALİÇ ÜNİVERSİTESİ - KIBRIS,Halkla İlişkiler ve Tanıtım  Bölümü,"42.000,00 TL",2020
HALİÇ ÜNİVERSİTESİ - KIBRIS,Mühendislik Fakültesi,"42.000,00 TL",2020
HALİÇ ÜNİVERSİTESİ - KIBRIS,Makine Mühendisliği  Bölümü (İngilizce),"28.000,00 TL",2020
HALİÇ ÜNİVERSİTESİ - KIBRIS,Elektrik-Elektronik Mühendisliği  Bölümü(İngilizce),"38.000,00 TL",2020
HALİÇ ÜNİVERSİTESİ - KIBRIS,Endüstri Mühendisliği  Bölümü (İngilizce),"32.000,00 TL",2020
HALİÇ ÜNİVERSİTESİ - KIBRIS,Bilgisayar Mühendisliği  Bölümü(İngilizce),"44.000,00 TL",2020
HALİÇ ÜNİVERSİTESİ - KIBRIS,Yazılım Mühendisliği  Bölümü(İngilizce),"38.000,00 TL",2020
HALİÇ ÜNİVERSİTESİ - KIBRIS,Endüstriyel Tasarım  Bölümü,"38.000,00 TL",2020
HALİÇ ÜNİVERSİTESİ - KIBRIS,Mimarlık Bölümü,"44.000,00 TL",2020
HALİÇ ÜNİVERSİTESİ - KIBRIS,İç Mimarlık  Bölümü,"44.000,00 TL",2020
HALİÇ ÜNİVERSİTESİ - KIBRIS,Ebelik  Bölümü,"38.000,00 TL",2020
HALİÇ ÜNİVERSİTESİ - KIBRIS,Fizyoterapi ve Rehabilitasyon Bölümü (İngilizce)-(Türkçe),"44.000,00 TL",2020
HALİÇ ÜNİVERSİTESİ - KIBRIS,Beslenme ve Diyetetik  Bölümü (Türkçe) (İngilizce),"54.000,00 TL",2020
HALİÇ ÜNİVERSİTESİ - KIBRIS,Hemşirelik  Bölümü (Türkçe )-(İngilizce),"44.000,00 TL",2020
ÖZYEĞİN ÜNİVERSİTESİ - İSTANBUL,Tüm Fakülte Fiyatları,"78.200,00 TL",2020
ÖZYEĞİN ÜNİVERSİTESİ - İSTANBUL,Pilotaj  Bölümü,"62.550,00 TL",2020
ÖZYEĞİN ÜNİVERSİTESİ - İSTANBUL,Havacılık Yönetimi  Bölümü,"52.900,00 TL",2020
ÖZYEĞİN ÜNİVERSİTESİ - İSTANBUL,Otel Yöneticiliği  Bölümü,"49.680,00 TL",2020
ÖZYEĞİN ÜNİVERSİTESİ - İSTANBUL,Gastronomi ve Mutfak Sanatları  Bölümü,"52.900,00 TL",2020
ÖZYEĞİN ÜNİVERSİTESİ - İSTANBUL,Diş Hekimliği Fakültesi,"97.000,00 TL",2020
ÖZYEĞİN ÜNİVERSİTESİ - İSTANBUL,Eczacılık Fakültesi,"74 000,00 TL",2020
ÖZYEĞİN ÜNİVERSİTESİ - İSTANBUL,Tıp Fakültesi,"90 000,00 TL",2020
ÖZYEĞİN ÜNİVERSİTESİ - İSTANBUL,Uygulamalı Bilimler  Bölümü,"68.000,00 TL",2020
ÖZYEĞİN ÜNİVERSİTESİ - İSTANBUL,Mühendislik Fakültesi,"60 000,00 TL",2020
ÖZYEĞİN ÜNİVERSİTESİ - İSTANBUL,Mimarlık Fakültesi,"60 000,00 TL",2020
ÖZYEĞİN ÜNİVERSİTESİ - İSTANBUL,Fen-Edebiyat Fakültesi,"52.000,00 TL",2020
YEDİTEPE ÜNİVERSİTESİ - İSTANBUL,İktisadi ve İdari Bilimler Fakültesi,"52.000,00 TL",2020
YEDİTEPE ÜNİVERSİTESİ - İSTANBUL,İletişim Fakültesi,"52.000,00 TL",2020
YEDİTEPE ÜNİVERSİTESİ - İSTANBUL,Mimarlık Fakültesinin Endüstri Ürünleri Tasarımı  Bölümü,"52.000,00 TL",2020
YEDİTEPE ÜNİVERSİTESİ - İSTANBUL,Ticari Bilimler Fakültesi,"52.000,00 TL",2020
YEDİTEPE ÜNİVERSİTESİ - İSTANBUL,Güzel Sanatlar Fakültesi,"47 000,00 TL",2020
YEDİTEPE ÜNİVERSİTESİ - İSTANBUL,Sağlık Bilimleri Fakültesi Beslenme ve Diyetetik Bölümü,"40 000,00 TL",2020
YEDİTEPE ÜNİVERSİTESİ - İSTANBUL,Eğitim Fakültesi,"40.000,00 TL",2020
YEDİTEPE ÜNİVERSİTESİ - İSTANBUL,Uygulamalı Bilimler  Bölümü,"32.000,00 TL",2020
YEDİTEPE ÜNİVERSİTESİ - İSTANBUL,Uygulamalı Bilimler  Bölümü,"32.000,00 TL",2020
YEDİTEPE ÜNİVERSİTESİ - İSTANBUL,Uygulamalı Bilimler ( Yabancı Dil Hazırlık),"16 000,00 TL",2020
YAŞAR ÜNİVERSİTESİ - İZMİR,Hazırlık,"44.160,00 TL",2020
YAŞAR ÜNİVERSİTESİ - İZMİR,Tüm Fakülteler,"36.800,00 TL",2020
YAŞAR ÜNİVERSİTESİ - İZMİR,Uygulamalı Bilimler  Bölümü,"42.320,00 TL",2020
YAŞAR ÜNİVERSİTESİ - İZMİR,Gastronomi ve Mutfak Sanatları  Bölümü,"44.160,00 TL",2020
YAKIN DOĞU ÜNİVERSİTESİ - KIBRIS,Tıp Fakültesi,"75.500,00 TL",2020
YAKIN DOĞU ÜNİVERSİTESİ - KIBRIS,Diş Hekimliği Fakültesi,"62.000,00 TL",2020
YAKIN DOĞU ÜNİVERSİTESİ - KIBRIS,Eczacılık Fakültesi,"52.000,00 TL",2020
YAKIN DOĞU ÜNİVERSİTESİ - KIBRIS,Veteriner Fakültesi,"56.000,00 TL",2020
YAKIN DOĞU ÜNİVERSİTESİ - KIBRIS,Hukuk Fakültesi,"33.000,00 TL",2020
YAKIN DOĞU ÜNİVERSİTESİ - KIBRIS,Hemşirelik Fakültesi,"30.600,00 TL",2020
YAKIN DOĞU ÜNİVERSİTESİ - KIBRIS,Sağlık Bilimleri Fakültesi,"32,400,00 TL",2020
YAKIN DOĞU ÜNİVERSİTESİ - KIBRIS,Mühendislik Fakültesi,"32,400,00 TL",2020
YAKIN DOĞU ÜNİVERSİTESİ - KIBRIS,İnşaat ve Çevre Mühendisliği Fakültesi,"32,400,00 TL",2020
YAKIN DOĞU ÜNİVERSİTESİ - KIBRIS,Mimarlık Fakültesi,"32,400,00 TL",2020
YAKIN DOĞU ÜNİVERSİTESİ - KIBRIS,Fen-Edebiyat Fakültesi,"32,400,00 TL",2020
YAKIN DOĞU ÜNİVERSİTESİ - KIBRIS,İletişim Fakültesi,"32,400,00 TL",2020
YAKIN DOĞU ÜNİVERSİTESİ - KIBRIS,Atatürk Eğitim Fakültesi,"32,400,00 TL",2020
YAKIN DOĞU ÜNİVERSİTESİ - KIBRIS,Güzel Sanatlar ve Tasarım Fakültesi,"32,400,00 TL",2020
YAKIN DOĞU ÜNİVERSİTESİ - KIBRIS,Sahne Sanatları Fakültesi,"32,400,00 TL",2020
YAKIN DOĞU ÜNİVERSİTESİ - KIBRIS,İktisadi ve İdari Bilimler Fakültesi,"32,400,00 TL",2020
YAKIN DOĞU ÜNİVERSİTESİ - KIBRIS,Spor Bilimleri Fakültesi,"32,400,00 TL",2020
YAKIN DOĞU ÜNİVERSİTESİ - KIBRIS,Turizm ve Otel İşletmeciliği Bölümü,"32,400,00 TL",2020
YAKIN DOĞU ÜNİVERSİTESİ - KIBRIS,Turizm ve Otelcilik  Bölümü,"32,400,00 TL",2020
YAKIN DOĞU ÜNİVERSİTESİ - KIBRIS,Sağlık Bilimleri  Bölümü,"32,400,00 TL",2020
YAKIN DOĞU ÜNİVERSİTESİ - KIBRIS,Sağlık Hizmetleri  Bölümü,"30,600,00 TL",2020
KADİR HAS ÜNİVERSİTESİ - İSTANBUL,İletişim Fakültesi,"66.240,00 TL",2020
KADİR HAS ÜNİVERSİTESİ - İSTANBUL,Hukuk Fakültesi,"66.240,00 TL",2020
KADİR HAS ÜNİVERSİTESİ - İSTANBUL,İletişim Fakültesi,"66.240,00 TL",2020
KADİR HAS ÜNİVERSİTESİ - İSTANBUL,İşletme Fakültesi,"66.240,00 TL",2020
KADİR HAS ÜNİVERSİTESİ - İSTANBUL,Sanat ve Tasarım Fakültesi,"66.240,00 TL",2020
KADİR HAS ÜNİVERSİTESİ - İSTANBUL,Diş Hekimliği Fakültesi,"66.240,00 TL",2020
KADİR HAS ÜNİVERSİTESİ - İSTANBUL,Tiyatro Bölümü,"59.800, 00 TL",2020
KAPADOKYA ÜNİVERSİTESİ - NEVŞEHİR,Diş Hekimliği Fakültesi,"35.650,00 TL",2020
KAPADOKYA ÜNİVERSİTESİ - NEVŞEHİR,Dil ve Konuşma Terapisi,"35.650,00 TL",2020
KAPADOKYA ÜNİVERSİTESİ - NEVŞEHİR,Gastronomi ve Mutfak Sanatları,"35.650,00 TL",2020
KAPADOKYA ÜNİVERSİTESİ - NEVŞEHİR,İngiliz Dili ve Edebiyatı,"35.650,00 TL",2020
KAPADOKYA ÜNİVERSİTESİ - NEVŞEHİR,İngilizce Mütercim Tercümanlık,"35.650,00 TL",2020
KAPADOKYA ÜNİVERSİTESİ - NEVŞEHİR,Psikoloji,"35.650,00 TL",2020
KAPADOKYA ÜNİVERSİTESİ - NEVŞEHİR,Havacılık Elektrik ve Elektroniği,"35.650,00 TL",2020
KAPADOKYA ÜNİVERSİTESİ - NEVŞEHİR,Havacılık Yönetimi,"35,650.00 TL",2020
KAPADOKYA ÜNİVERSİTESİ - NEVŞEHİR,Uçak Gövde ve Motor Bakımı,"35.650,00 TL",2020
İSTANBUL GEDİK ÜNİVERSİTESİ - İSTANBUL,Spor Bilimleri Fakültesi,45.885 TL,2020
İSTANBUL GEDİK ÜNİVERSİTESİ - İSTANBUL,Mühendislik Fakültesi,46.460 TL,2020
İSTANBUL GEDİK ÜNİVERSİTESİ - İSTANBUL,"İktisadi, İdari ve Sosyal Bilimler Fakültesi",46.460 TL,2020
İSTANBUL GEDİK ÜNİVERSİTESİ - İSTANBUL,Güzel Sanatlar ve Mimarlık Fakültesi,46.460 TL,2020
İSTANBUL GEDİK ÜNİVERSİTESİ - İSTANBUL,Sağlık Bilimleri Fakültesi,46.460 TL,2020
İSTANBUL GEDİK ÜNİVERSİTESİ - İSTANBUL,Hukuk Fakültesi,51.750 TL,2020
İSTANBUL MEDİPOL ÜNİVERSİTESİ,Uluslararası Tıp Fakültesi,45.000 TL,2020
İSTANBUL MEDİPOL ÜNİVERSİTESİ,Tıp Fakültesi,86.000 TL,2020
İSTANBUL MEDİPOL ÜNİVERSİTESİ,Diş Hekimliği Fakültesi Türkçe ve İngilizce,86.000 TL,2020
İSTANBUL MEDİPOL ÜNİVERSİTESİ,Eczacılık Fakültesi Türkçe ve İngilizce,78.000 TL,2020
İSTANBUL MEDİPOL ÜNİVERSİTESİ,Hukuk Fakültesi için zorunlu hazırlık sınıfı dahil,56.500 TL,2020
İSTANBUL MEDİPOL ÜNİVERSİTESİ,Mühendislik ve Doğa Bilimleri Fakültesi zorunlu hazırlık dahil,45.000 TL,2020
İSTANBUL MEDİPOL ÜNİVERSİTESİ,Fizyoterapi ve Rehabilitasyon Bölümü Türkçe ve İngilizce,42.500 TL,2020
İSTANBUL MEDİPOL ÜNİVERSİTESİ,Beslenme ve Diyetetik Bölümü,41.000 TL,2020
İSTANBUL MEDİPOL ÜNİVERSİTESİ,Endüstriyel Tasarım Bölümü,41.000 TL,2020
İSTANBUL MEDİPOL ÜNİVERSİTESİ,Ortez ve Protez Bölümü,36.500 TL,2020
İSTANBUL MEDİPOL ÜNİVERSİTESİ,Çocuk Gelişimi Bölümü,36.500 TL,2020
İSTANBUL MEDİPOL ÜNİVERSİTESİ,Dil ve Konuşma Terapisi Bölümü,34.000 TL,2020
İSTANBUL MEDİPOL ÜNİVERSİTESİ,Ergoterapi Bölümü,34.000 TL,2020
İSTANBUL MEDİPOL ÜNİVERSİTESİ,Hemşirelik,34.000 TL,2020
İSTANBUL MEDİPOL ÜNİVERSİTESİ,Ebelik bölümü,42.000 TL,2020
İSTANBUL MEDİPOL ÜNİVERSİTESİ,Sosyal Hizmet Bölümü,30.000 TL,2020
İSTANBUL MEDİPOL ÜNİVERSİTESİ,Sağlık Yönetimi Bölümü Türkçe ve İngilizce Programı,25.000 TL,2020
İSTANBUL MEDİPOL ÜNİVERSİTESİ,Psikoloji Bölümü Türkçe ve İngilizce Programı,34.000 TL,2020
İSTANBUL MEDİPOL ÜNİVERSİTESİ,"Siyaset Bilimi ve Kamu Yönetimi Bölümü Türkçe ve İngilizce
Programı",31.500 TL,2020
İSTANBUL MEDİPOL ÜNİVERSİTESİ,Siyaset Bilimi ve Uluslararası İlişkiler Bölümü İngilizce Programı,31.500 TL,2020
İSTANBUL MEDİPOL ÜNİVERSİTESİ,Beslenme ve Diyetetik Bölümü,49.000 TL,2020
İSTANBUL MEDİPOL ÜNİVERSİTESİ,Gastronomi ve Mutfak Sanatları Bölümü,42.000 TL,2020
İSTANBUL MEDİPOL ÜNİVERSİTESİ,İç Mimarlık ve Çevre Tasarımı Bölümü,42.000 TL,2020
İSTANBUL MEDİPOL ÜNİVERSİTESİ,Kentsel Tasarım ve Peyzaj Mimarlığı Bölümü,32.000 TL,2020
İSTANBUL MEDİPOL ÜNİVERSİTESİ,Görsel İletişim Tasarımı Bölümü,31.000 TL,2020
İSTANBUL MEDİPOL ÜNİVERSİTESİ,Endüstriyel Tasarım Bölümü,31.000 TL,2020
İSTANBUL MEDİPOL ÜNİVERSİTESİ,Türk Müziği Bölümü,29.000 TL,2020
İSTANBUL MEDİPOL ÜNİVERSİTESİ,Eğitim Fakültesi hazırlık dahil,39.000 TL,2020
İSTANBUL MEDİPOL ÜNİVERSİTESİ,İletişim Fakültesi hazırlık dahil,32.200 TL,2020
İSTANBUL MEDİPOL ÜNİVERSİTESİ,İşletme ve Yönetim Bilimleri Fakültesi hazırlık dahil,31.500 TL,2020
İSTANBUL MEDİPOL ÜNİVERSİTESİ,Fizyoterapi ve Rehabilitasyon Bölümü,41.000 TL,2020
İSTANBUL MEDİPOL ÜNİVERSİTESİ,Beslenme ve Diyetetik Bölümü,39.500 TL,2020
İSTANBUL MEDİPOL ÜNİVERSİTESİ,Odyoloji Bölümü,38.500 TL,2020
İSTANBUL MEDİPOL ÜNİVERSİTESİ,Çocuk Gelişimi Bölümü,34.500 TL,2020
İSTANBUL MEDİPOL ÜNİVERSİTESİ,Hemşirelik Bölümü,30.500 TL,2020
İSTANBUL MEDİPOL ÜNİVERSİTESİ,Sosyal Hizmet Bölümü,26.000 TL,2020
İSTANBUL MEDİPOL ÜNİVERSİTESİ,Ebelik Bölümü,29.500 TL,2020
İSTANBUL MEDİPOL ÜNİVERSİTESİ,Sağlık Yönetimi Bölümü,23.500 TL,2020
İSTANBUL ESENYURT ÜNİVERSİTESİ - İSTANBUL,Mühendislik ve Mimarlık Fakültesi,39.204 TL,2020
İSTANBUL ESENYURT ÜNİVERSİTESİ - İSTANBUL,Sağlık Bilimleri Fakültesi,32.000 TL,2020
İSTANBUL ESENYURT ÜNİVERSİTESİ - İSTANBUL,Sanat ve Sosyal Bilimler Fakültesi,34.210 TL,2020
İSTANBUL ESENYURT ÜNİVERSİTESİ - İSTANBUL,İşletme ve Yönetim Bilimleri Fakültesi,34.210 TL,2020
İSTANBUL ESENYURT ÜNİVERSİTESİ - İSTANBUL,Yabancı Dil Hazırlık,34.210 TL,2020
İSTANBUL 29 MAYIS ÜNİVERSİTESİ - İSTANBUL,Hazırlık sınıfı,27.140 TL,2020
İSTANBUL 29 MAYIS ÜNİVERSİTESİ - İSTANBUL,Arapça Mütercim Tercümanlık,26.220 TL,2020
İSTANBUL 29 MAYIS ÜNİVERSİTESİ - İSTANBUL,Arapça Öğretmenliği,26. 220 TL,2020
İSTANBUL 29 MAYIS ÜNİVERSİTESİ - İSTANBUL,Felsefe,26.220 TL,2020
İSTANBUL 29 MAYIS ÜNİVERSİTESİ - İSTANBUL,İlahiyat,26. 220 TL,2020
İSTANBUL 29 MAYIS ÜNİVERSİTESİ - İSTANBUL,İngilizce Öğretmenliği,26.220 TL,2020
İSTANBUL 29 MAYIS ÜNİVERSİTESİ - İSTANBUL,Okul Öncesi Öğretmenliği,26. 220 TL,2020
İSTANBUL 29 MAYIS ÜNİVERSİTESİ - İSTANBUL,Rehberlik ve Psikolojik Danışmanlık,26.220 TL,2020
İSTANBUL 29 MAYIS ÜNİVERSİTESİ - İSTANBUL,Sosyal Hizmet,26. 220 TL,2020
İSTANBUL 29 MAYIS ÜNİVERSİTESİ - İSTANBUL,Tarih,26.220 TL,2020
İSTANBUL 29 MAYIS ÜNİVERSİTESİ - İSTANBUL,Türk Dili ve Edebiyatı,26. 220 TL,2020
İSTANBUL 29 MAYIS ÜNİVERSİTESİ - İSTANBUL,Türkçe Öğretmenliği,26.220 TL,2020
İSTANBUL 29 MAYIS ÜNİVERSİTESİ - İSTANBUL,"Ekonomi, , Siyaset Bilimi ve Uluslararası İlişkiler",29.900 TL,2020
İSTANBUL 29 MAYIS ÜNİVERSİTESİ - İSTANBUL,İngilizce Mütercim Tercümanlık,29.900 TL,2020
İSTANBUL 29 MAYIS ÜNİVERSİTESİ - İSTANBUL,Siyaset Bilimi ve Uluslararası İlişkiler,29.900 TL,2020
İSTANBUL 29 MAYIS ÜNİVERSİTESİ - İSTANBUL,Psikoloji,33.580 TL,2020
İSTANBUL 29 MAYIS ÜNİVERSİTESİ - İSTANBUL,Hukuk,35.420 TL,2020
İSTANBUL 29 MAYIS ÜNİVERSİTESİ - İSTANBUL,Yönetim Bilişim Sistemleri,36.900 TL,2020
İSTANBUL 29 MAYIS ÜNİVERSİTESİ - İSTANBUL,Gazetecilik,36.900 TL,2020
İSTANBUL 29 MAYIS ÜNİVERSİTESİ - İSTANBUL,Fizyoterapi ve Rehabilitasyon,36.900 TL,2020
İSTANBUL 29 MAYIS ÜNİVERSİTESİ - İSTANBUL,Sağlık Yönetimi,36.900 TL,2020
İSTANBUL 29 MAYIS ÜNİVERSİTESİ - İSTANBUL,Türk Dili ve Edebiyatı,37.900 TL,2020
İSTANBUL 29 MAYIS ÜNİVERSİTESİ - İSTANBUL,Havacılık Yönetimi,37.900 TL,2020
İSTANBUL 29 MAYIS ÜNİVERSİTESİ - İSTANBUL,Biyomedikal Mühendisliği,37.900 TL,2020
İSTANBUL 29 MAYIS ÜNİVERSİTESİ - İSTANBUL,Çocuk Gelişimi,37.900 TL,2020
İSTANBUL 29 MAYIS ÜNİVERSİTESİ - İSTANBUL,Hemşirelik,37.900 TL,2020
İSTANBUL AREL ÜNİVERSİTESİ,Sosyal Hizmet,37.900 TL,2020
İSTANBUL AREL ÜNİVERSİTESİ,Muhasebe ve Finans Yönetimi,37.900 TL,2020
İSTANBUL AREL ÜNİVERSİTESİ,Gastronomi ve Mutfak Sanatları,37.900 TL,2020
İSTANBUL AREL ÜNİVERSİTESİ,Moda ve Tekstil Tasarımı,37.900 TL,2020
İSTANBUL AREL ÜNİVERSİTESİ,MütercimTercümanlık,39.900 TL,2020
İSTANBUL AREL ÜNİVERSİTESİ,Sosyoloji,39.900 TL,2020
İSTANBUL AREL ÜNİVERSİTESİ,İşletme,39.900 TL,2020
İSTANBUL AREL ÜNİVERSİTESİ,Siyaset Bilimi ve Kamu Yönetimi,39.900 TL,2020
İSTANBUL AREL ÜNİVERSİTESİ,Uluslararası İlişkiler,39.900 TL,2020
İSTANBUL AREL ÜNİVERSİTESİ,Uluslararası Ticaret ve Finans,39.900 TL,2020
İSTANBUL AREL ÜNİVERSİTESİ,Görsel İletişim Tasarımı,39.900 TL,2020
İSTANBUL AREL ÜNİVERSİTESİ,Halkla İlişkiler ve Reklamcılık,39.900 TL,2020
İSTANBUL AREL ÜNİVERSİTESİ,Sinema ve Televizyon,39.900 TL,2020
İSTANBUL AREL ÜNİVERSİTESİ,Yeni Medya ve İletişim,39.900 TL,2020
İSTANBUL AREL ÜNİVERSİTESİ,Endüstri Mühendisliği,39.900 TL,2020
İSTANBUL AREL ÜNİVERSİTESİ,Beslenme ve Diyetetik,39.900 TL,2020
İSTANBUL AREL ÜNİVERSİTESİ,Bankacılık ve Finans,39.900 TL,2020
İSTANBUL AREL ÜNİVERSİTESİ,Çizgi Film ve Animasyon,39.900 TL,2020
İSTANBUL AREL ÜNİVERSİTESİ,Grafik Tasarım,39.900 TL,2020
İSTANBUL AREL ÜNİVERSİTESİ,Elektrik-Elektronik Mühendisliği,42.900 TL,2020
İSTANBUL AREL ÜNİVERSİTESİ,İç Mimarlık,42.900 TL,2020
İSTANBUL AREL ÜNİVERSİTESİ,İnşaat Mühendisliği,42.900 TL,2020
İSTANBUL AREL ÜNİVERSİTESİ,Makine Mühendisliği,42. 900 TL,2020
İSTANBUL AREL ÜNİVERSİTESİ,Mimarlık,42.900 TL,2020
İSTANBUL AREL ÜNİVERSİTESİ,Moleküler Biyoloji ve Genetik,45.900 TL,2020
İSTANBUL AREL ÜNİVERSİTESİ,Psikoloji,45.900 TL,2020
İSTANBUL AREL ÜNİVERSİTESİ,Bilgisayar Mühendisliği,45.900 TL,2020
İSTANBUL AYDIN ÜNİVERSİTESİ - İSTANBUL,Mühendislik Fakültesi,43.000 TL,2020
İSTANBUL AYDIN ÜNİVERSİTESİ - İSTANBUL,Eğitim Fakültesi,44.250 TL,2020
İSTANBUL AYDIN ÜNİVERSİTESİ - İSTANBUL,Mimarlık ve Tasarım Fakültesi,44.250 TL,2020
İSTANBUL AYDIN ÜNİVERSİTESİ - İSTANBUL,İktisadi ve İdari Bilimler Fakültesi,41.500 TL,2020
İSTANBUL AYDIN ÜNİVERSİTESİ - İSTANBUL,İletişim Fakültesi,41.500 TL,2020
İSTANBUL AYDIN ÜNİVERSİTESİ - İSTANBUL,Fen Edebiyat Fakültesi (Psikoloji Hariç),41.500 TL,2020
İSTANBUL AYDIN ÜNİVERSİTESİ - İSTANBUL,Psikoloji,44.250 TL,2020
İSTANBUL AYDIN ÜNİVERSİTESİ - İSTANBUL,Güzel Sanatlar Fakültesi,38.000 TL,2020
İSTANBUL AYDIN ÜNİVERSİTESİ - İSTANBUL,Uygulamalı Bilimler Yüksekokulu,38.000 TL,2020
İSTANBUL AYDIN ÜNİVERSİTESİ - İSTANBUL,Spor Bilimleri Fakültesi(Beden Eğitimi ve Spor Öğretmenliği hariç),38.000 TL,2020
İSTANBUL AYDIN ÜNİVERSİTESİ - İSTANBUL,Yabancı Diller Yüksekokulu,38.000 TL,2020
İSTANBUL AYDIN ÜNİVERSİTESİ - İSTANBUL,Beden Eğitimi ve Spor Öğretmenliği Bölümü,44.250 TL,2020
İSTANBUL AYDIN ÜNİVERSİTESİ - İSTANBUL,Sağlık Bilimleri Fakültesi (Sağlık Yönetimi ve Sosyal Hizmet hariç),35.750 TL,2020
İSTANBUL AYDIN ÜNİVERSİTESİ - İSTANBUL,Sağlık Yönetimi ve Sosyal Hizmet bölümleri,34.000 TL,2020
İSTANBUL AYDIN ÜNİVERSİTESİ - İSTANBUL,Hukuk,59.500 TL,2020
İSTANBUL AYDIN ÜNİVERSİTESİ - İSTANBUL,Tıp,83.500 TL,2020
İSTANBUL AYDIN ÜNİVERSİTESİ - İSTANBUL,Diş Hekimliği,83.500 TL,2020
İSTANBUL AYDIN ÜNİVERSİTESİ - İSTANBUL,Anadolu BİL Meslek Yüksekokulu,19.000 TL,2020
İSTANBUL AYDIN ÜNİVERSİTESİ - İSTANBUL,Adalet Meslek Yüksekokulu,23.500 TL,2020
İSTANBUL AYDIN ÜNİVERSİTESİ - İSTANBUL,Sağlık Hizmetleri Meslek Yüksekokulu,22.000 TL,2020
İSTANBUL AYDIN ÜNİVERSİTESİ - İSTANBUL,Uzaktan Öğretim yapılan önlisans programları,8.000 TL,2020
İSTANBUL AYDIN ÜNİVERSİTESİ - İSTANBUL,Yabancı Dil Hazırlık,38.000 TL,2020
İSTANBUL BİLGİ ÜNİVERSİTESİ - İSTANBUL,İngilizce Hazırlık Programı,68.700 TL,2020
İSTANBUL BİLGİ ÜNİVERSİTESİ - İSTANBUL,Sosyal ve Beşeri Bilimler Fakültesi (Psikoloji HARİÇ),68.700 TL,2020
İSTANBUL BİLGİ ÜNİVERSİTESİ - İSTANBUL,"İşletme Fakültesi,",38.000TL,2020
İSTANBUL BİLGİ ÜNİVERSİTESİ - İSTANBUL,İletişim Fakültesi,68.700 TL,2020
İSTANBUL BİLGİ ÜNİVERSİTESİ - İSTANBUL,Mühendislik ve Doğa Bilimleri Fakültesi,68.700 TL,2020
İSTANBUL BİLGİ ÜNİVERSİTESİ - İSTANBUL,Endüstri Ürünleri Tasarımı,68.700 TL,2020
İSTANBUL BİLGİ ÜNİVERSİTESİ - İSTANBUL,İç Mimarlık,68.700 TL,2020
İSTANBUL BİLGİ ÜNİVERSİTESİ - İSTANBUL,Hukuk,80.000 TL,2020
İSTANBUL BİLGİ ÜNİVERSİTESİ - İSTANBUL,Mimarlık,74.600 TL,2020
İSTANBUL BİLGİ ÜNİVERSİTESİ - İSTANBUL,Psikoloji,74.600 TL,2020
İSTANBUL BİLGİ ÜNİVERSİTESİ - İSTANBUL,Sağlık Bilimleri Fakültesi,59.600 TL,2020
İSTANBUL GELİŞİM ÜNİVERSİTESİ,Diş Hekimliği Fakültesi,80.000TL,2020
İSTANBUL GELİŞİM ÜNİVERSİTESİ,Mühendislik ve Mimarlık Fakültesi,38 000 TL,2020
İSTANBUL GELİŞİM ÜNİVERSİTESİ,Güzel Sanatlar Fakültesi,36.000 TL,2020
İSTANBUL GELİŞİM ÜNİVERSİTESİ,İktisadi İdari ve Sosyal Bilimler Fakültesi psikoloji hariç,38 000 TL,2020
İSTANBUL GELİŞİM ÜNİVERSİTESİ,psikoloji,40.000 TL,2020
İSTANBUL KENT ÜNİVERSİTESİ,Diş Hekimliği Fakültesi,96.768 TL,2020
İSTANBUL KENT ÜNİVERSİTESİ,Psikoloji,60.480 TL,2020
İSTANBUL KENT ÜNİVERSİTESİ,Halkla İlişkiler ve Reklamcılık Bölümü,48.406 TL,2020
İSTANBUL KENT ÜNİVERSİTESİ,İşletme Bölümü,48.406 TL,2020
İSTANBUL KENT ÜNİVERSİTESİ,"Siyaset Bilimi ve Kamu Yönetimi Bölümü,",48.406 TL,2020
İSTANBUL KENT ÜNİVERSİTESİ,Sosyal Hizmet Bölümü,48.406 TL,2020
İSTANBUL KENT ÜNİVERSİTESİ,Uluslararası Ticaret ve Lojistik Bölümü,48.406 TL,2020
İSTANBUL KENT ÜNİVERSİTESİ,Beslenme ve Diyetetik Bölümü,59.875 TL,2020
İSTANBUL KENT ÜNİVERSİTESİ,Çocuk Gelişimi Bölümü,48.406 TL,2020
İSTANBUL KENT ÜNİVERSİTESİ,Dil ve Konuşma Terapisi Bölümü,48.406 TL,2020
İSTANBUL KENT ÜNİVERSİTESİ,Ebelik Bölümü,48.406 TL,2020
İSTANBUL KENT ÜNİVERSİTESİ,Fizyoterapi ve Rehabilitasyon Bölüm,48.406 TL,2020
İSTANBUL KENT ÜNİVERSİTESİ,Hemşirelik Bölümü,48.406 TL,2020
İSTANBUL KENT ÜNİVERSİTESİ,Gastronomi ve Mutfak Sanatları Bölümü,54.024 TL,2020
İSTANBUL KENT ÜNİVERSİTESİ,Hazırlık sınıfı,40.000 TL,2020
İSTANBUL KENT ÜNİVERSİTESİ,Diş Hekimliği Fakültesi,80.000 TL,2020
İSTANBUL KENT ÜNİVERSİTESİ,Yönetim Bilişim Sistemleri,40.000 TL,2020
İSTANBUL KENT ÜNİVERSİTESİ,İç Mimarlık,40.000 TL,2020
İSTANBUL KENT ÜNİVERSİTESİ,Çevre Tasarımı bölümü,40.000 TL,2020
İSTANBUL GALATA ÜNİVERSİTESİ,İletişim ve Tasarımı,30.000 TL,2020
İSTANBUL GALATA ÜNİVERSİTESİ,Halkla İlişkiler ve Reklamcılık Bölümü,30.000 TL,2020
İSTANBUL GALATA ÜNİVERSİTESİ,Gastronomi ve Mutfak Sanatları bölümü,49.000 TL,2020
İSTANBUL GALATA ÜNİVERSİTESİ,Psikoloji bölümi,52.000 TL,2020
İSTANBUL GALATA ÜNİVERSİTESİ,Spor Bilimleri Fakültesi,34.000 TL,2020
İSTANBUL OKAN ÜNİVERSİTESİ,Tıp Fakültesi,100.900 TL KDV'SİZ,2020
İSTANBUL OKAN ÜNİVERSİTESİ,Diş Hekimliği Fakültesi,95.900 TL KDV'SİZ,2020
İSTANBUL OKAN ÜNİVERSİTESİ,MütercimTercümanlık Bölümü,65.500 TL KDV'SİZ,2020
İSTANBUL OKAN ÜNİVERSİTESİ,İşletme ve Yönetim Bilimleri Fakültesi,65.500 TL KDV'SİZ,2020
İSTANBUL OKAN ÜNİVERSİTESİ,Uygulamalı Bilimler Fakültesi (Pilotaj ve Spor Yöneticiliği hariç),65.500 TL KDV'SİZ,2020
İSTANBUL OKAN ÜNİVERSİTESİ,Fizyoterapi ve Rehabilitasyon,65.500 TL KDV'SİZ,2020
İSTANBUL OKAN ÜNİVERSİTESİ,Beslenme ve Diyetetik,65.500 TL KDV'SİZ,2020
İSTANBUL OKAN ÜNİVERSİTESİ,Eğitim Fakültesi,65.500 TL KDV'SİZ,2020
İSTANBUL OKAN ÜNİVERSİTESİ,Psikoloji Bölümü,72.000 TL KDV'SİZ,2020
İSTANBUL OKAN ÜNİVERSİTESİ,Hukuk Fakültesi,72.000 TL KDV'SİZ,2020
İSTANBUL OKAN ÜNİVERSİTESİ,"Sanat, Tasarım ve Mimarlık Fakültesinin Mimarlık hariç bölümleri",65.500 TL KDV'SİZ,2020
İSTANBUL OKAN ÜNİVERSİTESİ,Mühendislik Fakültesi,70.000 TL KDV'SİZ,2020
İSTANBUL OKAN ÜNİVERSİTESİ,Mimarlık Bölümü,70.000 TL KDV'SİZ,2020
İSTANBUL OKAN ÜNİVERSİTESİ,Spor Yöneticiliği,53.900 TL KDV'SİZ,2020
İSTANBUL OKAN ÜNİVERSİTESİ,Çocuk Gelişimi,53.900 TL KDV'SİZ,2020
İSTANBUL OKAN ÜNİVERSİTESİ,Hemşirelik Bölümü,53.900 TL KDV'SİZ,2020
İSTANBUL OKAN ÜNİVERSİTESİ,Konservatuvar,48.500 TL KDV'SİZ,2020
İSTANBUL OKAN ÜNİVERSİTESİ,Pilotaj Bölümü,65.500 TL KDV'SİZ,2020
İSTANBUL OKAN ÜNİVERSİTESİ,Uçuş eğitimi,14.250 AVRO,2020
İSTANBUL RUMELİ ÜNİVERSİTESİ,Tüm Bölümler,48.000 TL,2020
İSTANBUL SAĞLIK VE TEKNOLOJİ ÜNİVERSİTESİ,Tıp Fakültesi,91.000 TL,2020
İSTANBUL SAĞLIK VE TEKNOLOJİ ÜNİVERSİTESİ,Diş Hekimliği Fakültesi,81.000 TL,2020
İSTANBUL SAĞLIK VE TEKNOLOJİ ÜNİVERSİTESİ,Eczacılık Fakültesİ,71.000 TL,2020
İSTANBUL SAĞLIK VE TEKNOLOJİ ÜNİVERSİTESİ,Beslenme ve Diyetetik bölümü,47.000 TL,2020
İSTANBUL SAĞLIK VE TEKNOLOJİ ÜNİVERSİTESİ,Fizyoterapi ve Rehabilitasyon bölümü,44.000 TL,2020
İSTANBUL SAĞLIK VE TEKNOLOJİ ÜNİVERSİTESİ,Hemşirelik,36.000 Tl,2020
İSTANBUL SAĞLIK VE TEKNOLOJİ ÜNİVERSİTESİ,Ergoterapi bölümü,32.000 TL,2020
İSTANBUL SAĞLIK VE TEKNOLOJİ ÜNİVERSİTESİ,Odyoloji Bölümü,35.000 TL,2020
İSTANBUL TİCARET ÜNİVERSİTESİ,İnsan ve Toplum Bilimleri Fakültesi,40.572 TL,2020
İSTANBUL TİCARET ÜNİVERSİTESİ,İşletme Fakültesi,40.572 TL,2020
İSTANBUL TİCARET ÜNİVERSİTESİ,İletişim Fakültesi,40.572TL,2020
İSTANBUL TİCARET ÜNİVERSİTESİ,Hukuk Fakültesi,42.793 TL,2020
İSTANBUL TİCARET ÜNİVERSİTESİ,Mühendislik Fakültesi,41.685 TL,2020
İSTANBUL TİCARET ÜNİVERSİTESİ,Mimarlık ve Tasarım Fakültesi,41.685 TL,2020
İSTANBUL TİCARET ÜNİVERSİTESİ,Hukuk Fakültesi,"42.750,00 TL",2020
İSTANBUL TİCARET ÜNİVERSİTESİ,Diş Hekimliği,"28.405,00 TL",2020
İSTANBUL TİCARET ÜNİVERSİTESİ,Eğitim Fakültesi,"23,655,00 TL",2020
LEFKE AVRUPA ÜNİVERSİTESİ,FenEdebiyat Fakültesi,"25.555,00 TL",2020
LEFKE AVRUPA ÜNİVERSİTESİ,"Psikoloji (İngilizce), Sağlık Bilimleri Fakültesi","27.550,00 TL",2020
LEFKE AVRUPA ÜNİVERSİTESİ,Fizyoterapi ve Rehabilitasyon programları,"27.550,00 TL",2020
LEFKE AVRUPA ÜNİVERSİTESİ,Beslenme ve Diyetetik programlar,"27.550,00 TL",2020
SANKO ÜNİVERSİTESİ - GAZİANTEP,Tıp Fakültesi,"77.000,00 TL",2020
SANKO ÜNİVERSİTESİ - GAZİANTEP,Hemşirelik Bölümü,"27.500,00 TL",2020
SANKO ÜNİVERSİTESİ - GAZİANTEP,Fizik Tedavi ve Rehabilitasyon Bölümü,"30.000,00 TL",2020
SANKO ÜNİVERSİTESİ - GAZİANTEP,Beslenme ve Diyetetik Bölümü,"29.000,00 TL",2020
SABANCI ÜNİVERSİTESİ - İSTANBUL,Bilgisayar Bilimi ve Mühendisliği Bölümü,"108.500,00 TL",2020
SABANCI ÜNİVERSİTESİ - İSTANBUL,Elektronik Mühendisliği Bölümü,"108.500,00 TL",2020
SABANCI ÜNİVERSİTESİ - İSTANBUL,Endüstri Mühendisliği Bölümü,"108.500,00 TL",2020
SABANCI ÜNİVERSİTESİ - İSTANBUL,Gastronomi ve Mutfak Sanatları Bölümü,"108.500,00 TL",2020
SABANCI ÜNİVERSİTESİ - İSTANBUL,Mekatronik Mühendisliği Bölümü,"108.500,00 TL",2020
SABANCI ÜNİVERSİTESİ - İSTANBUL,Moleküler Biyoloji Genetik ve Biyomühendislik Bölümü,"108.500,00 TL",2020
SABANCI ÜNİVERSİTESİ - İSTANBUL,Ekonomi Bölümü,"108.500,00 TL",2020
SABANCI ÜNİVERSİTESİ - İSTANBUL,Görsel Sanatlar ve Görsel İletişim Tasarımı Bölümü,"108.500,00 TL",2020
SABANCI ÜNİVERSİTESİ - İSTANBUL,Psikoloji Bölümü,"108.500,00 TL",2020
SABANCI ÜNİVERSİTESİ - İSTANBUL,Siyaset Bilimi ve Uluslararası İlişkiler Bölümü,"108.500,00 TL",2020
SABANCI ÜNİVERSİTESİ - İSTANBUL,Yönetim Bilimleri Bölümü,"108.500,00 TL",2020
PİRİ REİS İSTANBUL,Denizcilik Fakültesi,50.600 TL,2020
PİRİ REİS İSTANBUL,İktisadi ve İdari Bilimler Fakültesi,50.600 TL,2020
PİRİ REİS İSTANBUL,Mühendislik Fakültesi,50.600 TL,2020
PİRİ REİS İSTANBUL,Hukuk Fakültesi,57.040 TL,2020
İSTANBUL OKAN ÜNİVERSİTESİ,Tıp Fakültesi (Türkçe ve İngilizce),"100.900,00 TL",2020
İSTANBUL OKAN ÜNİVERSİTESİ,Diş Hekimliği Fakültesi (Türkçe ve İngilizce) Bölümleri,"95.900,00 TL",2020
İSTANBUL OKAN ÜNİVERSİTESİ,"İnsan ve Toplum Bilimleri Fakültesinin MütercimTercümanlık
Bölümleri, İşletme ve Yönetim Bilimleri Fakültesi, Uygulamalı Bilimler Fakültesi'nin Pilotaj ve Spor Yöneticiliği hariç tüm bölümleri, Sağlık Bilimleri Fakültesi'nin Fizyoterapi ve Rehabilitasyon, Beslenme ve Diyetetik (Türkçe ve İngilizce ) Bölümleri, Eğitim Fakültesi, Sanat, Tasarım ve Mimarlık","65.000,00 TL",2020
İSTANBUL OKAN ÜNİVERSİTESİ,"İnsan ve Toplum Bilimleri Fakültesi'nin Psikoloji Bölümü ile Hukuk
Fakültesi","72.000,00 TL",2020
İSTANBUL OKAN ÜNİVERSİTESİ,"Mühendislik Fakültesi ve Sanat, Tasarım ve Mimarlık Fakültesi
Mimarlık Bölümleri (Türkçe ve İngilizce)","70.000,00 TL",2020
İSTANBUL OKAN ÜNİVERSİTESİ,"Uygulamalı Bilimler Fakültesi Spor Yöneticiliği, Sağlık Bilimleri
Fakültesi'nin Çocuk Gelişimi ile Hemşirelik Bölümleri","53.900,00 TL",2020
İSTANBUL OKAN ÜNİVERSİTESİ,Konservatuvar tüm bölümleri,"48.500,00 TL",2020
İSTANBUL OKAN ÜNİVERSİTESİ,Pilotaj Bölümü / Uçuş eğitimi,"65.500,00  / 14.250 avro",2020
İSTANBUL KÜLTÜR ÜNİVERSİTESİ,Mühendislik Fakültesi,"55.108,00 TL",2020
İSTANBUL KÜLTÜR ÜNİVERSİTESİ,Mimarlık Fakültesi ve Hukuk Fakültesi,"57.270,00 TL",2020
İSTANBUL KÜLTÜR ÜNİVERSİTESİ,İktisadi ve İdari Bilimler Fakültesi,"51.428,00 TL",2020
İSTANBUL KÜLTÜR ÜNİVERSİTESİ,Eğitim Fakültesi,"50.3442,4 TL",2020
İSTANBUL KÜLTÜR ÜNİVERSİTESİ,"Sanat ve Tasarım Fakültesi, Sağlık Bilimleri Fakültesi ve Fen-
Edebiyat Fakültesi için","52.210,00 TL",2020
İSTANBUL KÜLTÜR ÜNİVERSİTESİ,İngilizce Hazırlık,"51.428,00 TL",2020
KOÇ ÜNİVERSİTESİ - ANKARA,Tıp Fakültesi dışındaki programlar,"101.200,00 TL",2020
KOÇ ÜNİVERSİTESİ - ANKARA,Tıp Fakültesi,"138.920,00 TL",2020
KOÇ ÜNİVERSİTESİ - ANKARA,Yabancı Dil Hazırlık Programı,"138.920,00 TL",2020
YÜKSEK İHTİSAS - ÜNİVERSİTESİ ANKARA,Tıp Fakültesi,"66.240,00 TL",2020
YÜKSEK İHTİSAS - ÜNİVERSİTESİ ANKARA,Sağlık Bilimleri Fakültesi,"32.200,00 TL",2020
YÜKSEK İHTİSAS - ÜNİVERSİTESİ ANKARA,Sağlık Yönetimi programı,"32.200,00 TL",2020
YÜKSEK İHTİSAS - ÜNİVERSİTESİ ANKARA,Hemşirelik programı,"32.200,00 TL",2020
YÜKSEK İHTİSAS - ÜNİVERSİTESİ ANKARA,Beslenme ve Diyetetik programı,"36.800,00 TL",2020
KTO KARATAY ÜNİVERSİTESİ - KONYA,Sosyal ve Beşeri Bilimler Fakültesi,"32.000,00 TL",2020
KTO KARATAY ÜNİVERSİTESİ - KONYA,Yabancı Diller Yüksekokulu,"32.000,00 TL",2020
KTO KARATAY ÜNİVERSİTESİ - KONYA,İngilizce ve Arapça Hazırlık Programları,"32.000,00 TL",2020
KTO KARATAY ÜNİVERSİTESİ - KONYA,Mühendislik Fakültesi,"32.000,00 TL",2020
KTO KARATAY ÜNİVERSİTESİ - KONYA,Güzel Sanatlar ve Tasarım Fakültesi,"34.200,00 TL",2020
KTO KARATAY ÜNİVERSİTESİ - KONYA,Hukuk Fakültesi,"38.640,00 TL",2020
KTO KARATAY ÜNİVERSİTESİ - KONYA,Tıp Fakültesi,"60.720,00 TL",2020
KAPADOKYA ÜNİVERSİTESİ - NEVŞEHİR,Diş Hekimliği Fakültesi,35.650 TL,2020
KAPADOKYA ÜNİVERSİTESİ - NEVŞEHİR,Dil ve Konuşma Terapisi,35.650 TL,2020
KAPADOKYA ÜNİVERSİTESİ - NEVŞEHİR,Gastronomi ve Mutfak Sanatları,35.650 TL,2020
KAPADOKYA ÜNİVERSİTESİ - NEVŞEHİR,İngiliz Dili ve Edebiyatı,35.650 TL,2020
KAPADOKYA ÜNİVERSİTESİ - NEVŞEHİR,İngilizce Mütercim Tercümanlık,35.650 TL,2020
KAPADOKYA ÜNİVERSİTESİ - NEVŞEHİR,Psikoloji,35.650 TL,2020
KAPADOKYA ÜNİVERSİTESİ - NEVŞEHİR,Havacılık Elektrik ve Elektroniği,35.650 TL,2020
KAPADOKYA ÜNİVERSİTESİ - NEVŞEHİR,Havacılık Yönetimi,35.650 TL,2020
KAPADOKYA ÜNİVERSİTESİ - NEVŞEHİR,Uçak Gövde ve Motor Bakımı,35.650 TL,2020
KAPADOKYA ÜNİVERSİTESİ - NEVŞEHİR,Beslenme ve Diyetetik,30.000 TL,2020
KAPADOKYA ÜNİVERSİTESİ - NEVŞEHİR,Çocuk Gelişimi,30.000 TL,2020
KAPADOKYA ÜNİVERSİTESİ - NEVŞEHİR,Fizyoterapi ve Rehabilitasyon,30.000 TL,2020
KAPADOKYA ÜNİVERSİTESİ - NEVŞEHİR,Siyaset Bilimi ve Kamu Yönetimi,30.000 TL,2020
KAPADOKYA ÜNİVERSİTESİ - NEVŞEHİR,Siyaset Bilimi ve Uluslararası İlişkiler,30.000 TL,2020
NUH NACİ YAZGAN ÜNİVERSİTESİ - KAYSERİ,İşletme,"25.760,00 TL",2020
NUH NACİ YAZGAN ÜNİVERSİTESİ - KAYSERİ,Siyaset Bilimi ve Kamu Yönetimi,"25.760, 00 TL",2020
NUH NACİ YAZGAN ÜNİVERSİTESİ - KAYSERİ,Hemşirelik,"25.760,00 TL",2020
NUH NACİ YAZGAN ÜNİVERSİTESİ - KAYSERİ,Elektrik - Elektronik Mühendisliği,"26.680, 00 TL",2020
NUH NACİ YAZGAN ÜNİVERSİTESİ - KAYSERİ,İnşaat Mühendisliği,"26.680, 00 TL",2020
NUH NACİ YAZGAN ÜNİVERSİTESİ - KAYSERİ,Endüstri Mühendisliği,"26.680,00 TL",2020
NUH NACİ YAZGAN ÜNİVERSİTESİ - KAYSERİ,Beslenme ve Diyetetik Bölümleri,"26.680,00 TL",2020
NUH NACİ YAZGAN ÜNİVERSİTESİ - KAYSERİ,Mimarlık,"28.520,00 TL",2020
NUH NACİ YAZGAN ÜNİVERSİTESİ - KAYSERİ,Fizyoterapi ve Rehabilitasyon,"28.520,00 TL",2020
NUH NACİ YAZGAN ÜNİVERSİTESİ - KAYSERİ,Psikoloji,"28.520,00 TL",2020
NUH NACİ YAZGAN ÜNİVERSİTESİ - KAYSERİ,İç Mimarlık ve Çevre Tasarımı Bölümleri,"29.440,00 TL",2020
NUH NACİ YAZGAN ÜNİVERSİTESİ - KAYSERİ,Diş Hekimliği Fakültesi,"59.800,00 TL",2020
UFUK ÜNİVERSİTESİ - ANKARA,Tıp Fakültesi,"61.629,00 TL",2020
UFUK ÜNİVERSİTESİ - ANKARA,Diğer Fakülteler,"42,0200 TL",2020
ÜSKÜDAR ÜNİVERSİTESİ - İSTANBUL,Tıp Fakültesi,"100,625 KDV'SİZ",2020
ÜSKÜDAR ÜNİVERSİTESİ - İSTANBUL,İnsan ve Toplum Bilimleri Fakültesi,"50,1963 KDV'SİZ",2020
ÜSKÜDAR ÜNİVERSİTESİ - İSTANBUL,Mühendislik ve Doğa Bilimleri Fakültesİ,"51,963 KDV'SİZ",2020
ÜSKÜDAR ÜNİVERSİTESİ - İSTANBUL,Sağlık Bilimleri Fakültesi,"39,074 KDV'SİZ",2020
ULUSLARARASI FİNAL ÜNİVERSİTESİ - KIBRIS,Hukuk,"34,722,00 TL",2020
ULUSLARARASI FİNAL ÜNİVERSİTESİ - KIBRIS,Fizyoterapi ve Rehabilitasyon,"34,722,00 TL",2020
ULUSLARARASI FİNAL ÜNİVERSİTESİ - KIBRIS,Gastronomi ve Mutfak Sanatları,"28,106,00 TL",2020
ULUSLARARASI FİNAL ÜNİVERSİTESİ - KIBRIS,Psikoloji,"28,106,00 TL",2020
ULUSLARARASI FİNAL ÜNİVERSİTESİ - KIBRIS,Özel Eğitim Öğretmenliği,"28,106,00 TL",2020
ULUSLARARASI FİNAL ÜNİVERSİTESİ - KIBRIS,Rehberlik ve Psikolojik Danışmanlık,"28,106,00 TL",2020
ULUSLARARASI FİNAL ÜNİVERSİTESİ - KIBRIS,Okul Öncesi Öğretmenliği,"28,106,00 TL",2020
ULUSLARARASI FİNAL ÜNİVERSİTESİ - KIBRIS,İngilizce Öğretmenliği,"28,106,00 TL",2020
ULUSLARARASI FİNAL ÜNİVERSİTESİ - KIBRIS,Türkçe Öğretmenliği,"28,106,00 TL",2020
ULUSLARARASI FİNAL ÜNİVERSİTESİ - KIBRIS,Mimarlık,"28,106,00 TL",2020
ULUSLARARASI FİNAL ÜNİVERSİTESİ - KIBRIS,Bilgisayar Mühendisliği,"28,106,00 TL",2020
ULUSLARARASI FİNAL ÜNİVERSİTESİ - KIBRIS,Yazılım Mühendisliği,"25,346,00 TL",2020
ULUSLARARASI FİNAL ÜNİVERSİTESİ - KIBRIS,Uluslararası Finans ve İngilizce Hazırlık Okulu,"25,346,00 TL",2020
ULUSLARARASI KIBRIS ÜNİVERSİTESİ - KIBRIS,Hukuk,"30,692,00 TL",2020
ULUSLARARASI KIBRIS ÜNİVERSİTESİ - KIBRIS,Eczacılık Fakültesi,"37.536,00 TL",2020
ULUSLARARASI KIBRIS ÜNİVERSİTESİ - KIBRIS,İngilizce Hazırlık Okulu,"24.840,00 TL",2020
LOKMAN HEKİM ÜNİVERSİTESİ - ANKARA,Diş Hekimliği,"80.960,00 TL",2020
LOKMAN HEKİM ÜNİVERSİTESİ - ANKARA,Tıp Fakültesi,"77.280,00 TL",2020
LOKMAN HEKİM ÜNİVERSİTESİ - ANKARA,Eczacılık Fakültesi,"60.720,00 TL",2020
ULUSLARARASI BALKAN ÜNİVERSİTESİ - ÜSKÜP MAKEDONYA,Mühendislik Fakültesi,29.500 TL KDV'siz,2020
ULUSLARARASI BALKAN ÜNİVERSİTESİ - ÜSKÜP MAKEDONYA,Diğer Fakülteler,27.500 TL KDV'SİZ,2020
ULUSLARARASI BALKAN ÜNİVERSİTESİ - ÜSKÜP MAKEDONYA,İngilizce Hazırlık Okulu,27.500 TL KDV'siz,2020
